"MINUTE_SLOT","REQUESTS","SUCCESS","FAILED","AVG_MS","MAX_MS"
"00:00",20,20,0,566,2500
"00:01",22,22,0,539,1179
"00:02",19,19,0,389,664
"00:03",21,21,0,1637,2524
"00:04",28,28,0,1616,2529
"00:05",21,21,0,2277,2521
"00:06",13,13,0,2321,2519
"00:07",31,31,0,2136,2522
"00:08",24,24,0,2006,2534
"00:09",22,22,0,2169,2520
"00:10",15,15,0,2013,2518
"00:11",18,18,0,1488,2519
"00:12",17,17,0,1430,2522
"00:13",16,16,0,995,2522
"00:14",20,20,0,482,703
"00:15",17,17,0,476,797
"00:16",21,21,0,618,766
"00:17",23,23,0,567,697
"00:18",25,25,0,545,1592
"00:19",23,23,0,489,767
"00:20",19,19,0,555,781
"00:21",16,16,0,599,766
"00:22",25,25,0,478,765
"00:23",20,20,0,446,719
"00:24",16,16,0,543,765
"00:25",22,22,0,570,1015
"00:26",17,17,0,582,1218
"00:27",15,15,0,37,125
"00:28",13,13,0,49,109
"00:29",14,14,0,42,125
"00:30",22,22,0,49,141
"00:31",15,15,0,58,203
"00:32",13,13,0,62,266
"00:33",20,20,0,148,1905
"00:34",16,16,0,68,297
"00:35",18,18,0,32,94
"00:36",21,21,0,89,735
"00:37",8,8,0,47,62
"00:38",16,16,0,109,953
"00:39",17,17,0,64,234
"00:40",22,22,0,48,109
"00:41",18,18,0,40,140
"00:42",21,21,0,58,266
"00:43",15,15,0,47,125
"00:44",20,20,0,210,2516
"00:45",18,18,0,56,203
"00:46",24,24,0,62,380
"00:47",18,18,0,102,516
"00:48",22,22,0,44,141
"00:49",23,23,0,68,312
"00:50",15,15,0,67,203
"00:51",11,11,0,91,437
"00:52",14,14,0,64,187
"00:53",19,19,0,103,375
"00:54",13,13,0,99,406
"00:55",16,16,0,60,312
"00:56",21,21,0,60,204
"00:57",16,16,0,51,187
"00:58",10,10,0,45,63
"00:59",15,15,0,96,531
"01:00",15,15,0,57,266
"01:01",16,16,0,54,250
"01:02",13,13,0,73,141
"01:03",14,14,0,99,500
"01:04",12,12,0,53,94
"01:05",11,11,0,43,78
"01:06",16,16,0,116,359
"01:07",5,5,0,128,469
"01:08",14,14,0,125,625
"01:09",11,11,0,80,203
"01:10",22,22,0,90,965
"01:11",10,10,0,119,406
"01:12",15,15,0,86,516
"01:13",15,15,0,57,156
"01:14",20,20,0,56,218
"01:15",19,19,0,91,600
"01:16",17,17,0,111,703
"01:17",12,12,0,143,906
"01:18",8,8,0,70,141
"01:19",17,17,0,90,219
"01:20",19,19,0,61,157
"01:21",17,17,0,105,734
"01:22",24,24,0,58,266
"01:23",15,15,0,50,156
"01:24",16,16,0,103,555
"01:25",18,18,0,124,1125
"01:26",12,12,0,65,172
"01:27",13,13,0,75,469
"01:28",15,15,0,64,406
"01:29",22,22,0,74,375
"01:30",11,11,0,134,734
"01:31",10,10,0,115,360
"01:32",8,8,0,178,688
"01:33",21,21,0,196,2516
"01:34",14,14,0,100,734
"01:35",12,12,0,61,156
"01:36",21,21,0,36,109
"01:37",17,17,0,58,250
"01:38",19,19,0,41,78
"01:39",13,13,0,103,813
"01:40",11,11,0,101,328
"01:41",11,11,0,35,109
"01:42",20,20,0,105,1109
"01:43",13,13,0,74,328
"01:44",12,12,0,51,125
"01:45",18,18,0,91,372
"01:46",15,15,0,72,297
"01:47",13,13,0,79,172
"01:48",12,12,0,53,171
"01:49",15,15,0,46,125
"01:50",14,14,0,112,1110
"01:51",21,21,0,50,125
"01:52",20,20,0,38,125
"01:53",11,11,0,224,844
"01:54",23,23,0,320,562
"01:55",15,15,0,655,1782
"01:56",8,8,0,477,1063
"01:57",10,10,0,395,593
"01:58",14,14,0,341,565
"01:59",15,15,0,365,616
"02:00",4,4,0,1040,2515
"02:01",16,16,0,496,2515
"02:02",12,12,0,253,594
"02:03",10,10,0,406,578
"02:04",12,12,0,384,531
"02:05",12,12,0,555,1312
"02:06",13,13,0,455,562
"02:07",15,15,0,399,2516
"02:08",10,10,0,437,578
"02:09",10,10,0,347,515
"02:10",11,11,0,291,531
"02:11",11,11,0,421,547
"02:12",9,9,0,413,563
"02:13",12,12,0,416,578
"02:14",13,13,0,270,500
"02:15",15,15,0,418,578
"02:16",6,6,0,250,547
"02:17",18,18,0,460,625
"02:18",2,2,0,539,578
"02:19",12,12,0,425,556
"02:20",9,9,0,552,697
"02:21",11,11,0,375,531
"02:22",6,6,0,411,578
"02:23",12,12,0,338,669
"02:24",13,13,0,457,711
"02:25",14,14,0,441,602
"02:26",7,7,0,281,594
"02:27",9,9,0,292,516
"02:28",6,6,0,422,563
"02:29",8,8,0,329,500
"02:30",16,16,0,314,655
"02:31",4,4,0,379,547
"02:32",16,16,0,371,563
"02:33",13,13,0,369,547
"02:34",8,8,0,352,547
"02:35",12,12,0,330,594
"02:36",13,13,0,358,563
"02:37",12,12,0,369,563
"02:38",5,5,0,416,531
"02:39",12,12,0,430,547
"02:40",8,8,0,433,578
"02:41",5,5,0,266,453
"02:42",7,7,0,413,454
"02:43",12,12,0,411,594
"02:44",11,11,0,374,438
"02:45",10,10,0,358,516
"02:46",12,12,0,309,469
"02:47",10,10,0,345,578
"02:48",8,8,0,365,469
"02:49",9,9,0,347,547
"02:50",12,12,0,366,609
"02:51",17,17,0,353,531
"02:52",9,9,0,380,562
"02:53",13,13,0,412,641
"02:54",8,8,0,392,579
"02:55",6,6,0,385,562
"02:56",9,9,0,482,600
"02:57",5,5,0,559,609
"02:58",11,11,0,363,579
"02:59",7,7,0,478,672
"03:00",4,4,0,250,531
"03:01",14,14,0,510,843
"03:02",9,9,0,430,641
"03:03",12,12,0,378,578
"03:04",10,10,0,341,531
"03:05",7,7,0,478,562
"03:06",19,19,0,300,558
"03:07",13,13,0,307,547
"03:08",13,13,0,379,453
"03:09",6,6,0,487,656
"03:10",17,17,0,279,562
"03:11",8,8,0,369,516
"03:12",10,10,0,302,563
"03:13",9,9,0,354,422
"03:14",5,5,0,325,438
"03:15",8,8,0,357,572
"03:16",10,10,0,389,484
"03:17",9,9,0,510,563
"03:18",6,6,0,435,516
"03:19",11,11,0,396,515
"03:20",6,6,0,375,578
"03:21",9,9,0,288,484
"03:22",8,8,0,340,594
"03:23",6,6,0,496,599
"03:24",9,9,0,403,422
"03:25",12,12,0,340,547
"03:26",12,12,0,217,469
"03:27",9,9,0,68,172
"03:28",7,7,0,100,281
"03:29",9,9,0,57,125
"03:30",8,8,0,49,78
"03:31",8,8,0,166,406
"03:32",8,8,0,69,203
"03:33",11,11,0,68,328
"03:34",11,11,0,216,969
"03:35",12,12,0,82,250
"03:36",8,8,0,47,79
"03:37",10,10,0,50,140
"03:38",7,7,0,42,78
"03:39",7,7,0,27,62
"03:40",10,10,0,58,156
"03:41",4,4,0,43,63
"03:42",5,5,0,38,79
"03:43",8,8,0,45,62
"03:44",8,8,0,67,188
"03:45",7,7,0,47,63
"03:46",12,12,0,38,62
"03:47",5,5,0,56,63
"03:48",7,7,0,83,126
"03:49",5,5,0,47,47
"03:50",12,12,0,33,63
"03:51",7,7,0,56,78
"03:52",10,10,0,59,109
"03:53",5,5,0,65,156
"03:54",5,5,0,247,328
"03:55",7,7,0,822,1094
"03:56",6,6,0,289,656
"03:57",6,6,0,289,547
"03:58",5,5,0,376,531
"03:59",5,5,0,365,422
"04:00",10,10,0,381,485
"04:01",10,10,0,320,500
"04:02",12,12,0,341,454
"04:03",8,8,0,234,406
"04:04",7,7,0,252,375
"04:05",9,9,0,439,579
"04:06",5,5,0,294,375
"04:07",7,7,0,299,436
"04:08",8,8,0,318,469
"04:09",8,8,0,357,1296
"04:10",5,5,0,341,453
"04:11",8,8,0,338,500
"04:12",9,9,0,328,724
"04:13",7,7,0,464,501
"04:14",5,5,0,338,500
"04:15",4,4,0,352,547
"04:16",8,8,0,281,500
"04:17",10,10,0,380,656
"04:18",10,10,0,394,578
"04:19",6,6,0,469,563
"04:20",7,7,0,387,532
"04:21",3,3,0,510,562
"04:22",7,7,0,462,547
"04:23",2,2,0,500,562
"04:24",11,11,0,389,530
"04:25",7,7,0,379,547
"04:26",5,5,0,312,406
"04:27",6,6,0,461,594
"04:28",9,9,0,434,485
"04:29",8,8,0,347,406
"04:30",3,3,0,485,1032
"04:31",8,8,0,612,1798
"04:32",8,8,0,446,521
"04:33",10,10,0,352,532
"04:34",11,11,0,375,531
"04:35",5,5,0,310,391
"04:36",9,9,0,288,515
"04:37",5,5,0,335,454
"04:38",5,5,0,347,578
"04:39",5,5,0,237,402
"04:40",7,7,0,433,500
"04:41",8,8,0,348,422
"04:42",6,6,0,284,485
"04:43",8,8,0,373,532
"04:44",11,11,0,524,1495
"04:45",5,5,0,356,563
"04:46",12,12,0,410,547
"04:47",6,6,0,477,578
"04:48",6,6,0,646,1516
"04:49",8,8,0,487,547
"04:50",9,9,0,368,453
"04:51",6,6,0,446,547
"04:52",8,8,0,199,422
"04:53",11,11,0,449,547
"04:54",10,10,0,352,547
"04:55",10,10,0,452,547
"04:56",4,4,0,473,563
"04:57",11,11,0,442,531
"04:58",9,9,0,363,438
"04:59",10,10,0,286,438
"05:00",7,7,0,408,589
"05:01",7,7,0,431,536
"05:02",4,4,0,434,515
"05:03",2,2,0,399,406
"05:04",11,11,0,380,500
"05:05",7,7,0,382,516
"05:06",10,10,0,369,453
"05:07",11,11,0,335,453
"05:08",8,8,0,356,469
"05:09",10,10,0,383,500
"05:10",10,10,0,283,438
"05:11",5,5,0,281,547
"05:12",6,6,0,281,438
"05:13",9,9,0,340,516
"05:14",10,10,0,292,500
"05:15",9,9,0,420,703
"05:16",11,11,0,278,672
"05:17",7,7,0,409,656
"05:18",10,10,0,256,500
"05:19",17,17,0,333,453
"05:20",10,10,0,471,578
"05:21",12,12,0,446,641
"05:22",7,7,0,339,563
"05:23",8,8,0,430,563
"05:24",9,9,0,382,639
"05:25",13,13,0,427,689
"05:26",18,18,0,321,484
"05:27",8,8,0,318,453
"05:28",4,4,0,398,422
"05:29",13,13,0,357,547
"05:30",12,12,0,402,515
"05:31",14,14,0,395,512
"05:32",7,7,0,431,594
"05:33",17,17,0,429,563
"05:34",8,8,0,410,438
"05:35",12,12,0,324,562
"05:36",10,10,0,469,563
"05:37",15,15,0,345,438
"05:38",15,15,0,345,437
"05:39",10,10,0,409,454
"05:40",12,12,0,451,578
"05:41",10,10,0,427,468
"05:42",3,3,0,407,422
"05:43",4,4,0,407,407
"05:44",9,9,0,386,508
"05:45",11,11,0,437,541
"05:46",8,8,0,410,578
"05:47",8,8,0,407,563
"05:48",14,14,0,219,609
"05:49",14,14,0,354,643
"05:50",8,8,0,344,563
"05:51",9,9,0,349,609
"05:52",9,9,0,450,531
"05:53",15,15,0,425,567
"05:54",9,9,0,316,469
"05:55",8,8,0,418,625
"05:56",8,8,0,336,531
"05:57",13,13,0,372,619
"05:58",13,13,0,398,688
"05:59",8,8,0,449,532
"06:00",10,10,0,385,547
"06:01",14,14,0,458,781
"06:02",7,7,0,322,516
"06:03",7,7,0,353,547
"06:04",11,11,0,452,531
"06:05",12,12,0,378,547
"06:06",11,11,0,439,575
"06:07",6,6,0,366,469
"06:08",13,13,0,384,531
"06:09",13,13,0,474,578
"06:10",12,12,0,392,578
"06:11",6,6,0,237,546
"06:12",9,9,0,398,516
"06:13",10,10,0,376,586
"06:14",17,17,0,327,547
"06:15",8,8,0,389,533
"06:16",8,8,0,381,531
"06:17",8,8,0,396,531
"06:18",8,8,0,369,469
"06:19",12,12,0,462,531
"06:20",7,7,0,386,609
"06:21",14,14,0,423,578
"06:22",6,6,0,439,590
"06:23",16,16,0,364,585
"06:24",15,15,0,409,468
"06:25",7,7,0,581,1607
"06:26",10,10,0,391,1611
"06:27",11,11,0,61,125
"06:28",11,11,0,60,157
"06:29",6,6,0,60,125
"06:30",12,12,0,65,188
"06:31",11,11,0,152,1109
"06:32",6,6,0,65,125
"06:33",7,7,0,73,265
"06:34",13,13,0,76,203
"06:35",13,13,0,48,109
"06:36",9,9,0,47,141
"06:37",8,8,0,59,125
"06:38",8,8,0,62,125
"06:39",8,8,0,47,78
"06:40",10,10,0,42,63
"06:41",8,8,0,90,234
"06:42",17,17,0,84,329
"06:43",12,12,0,95,188
"06:44",11,11,0,64,141
"06:45",14,14,0,65,188
"06:46",6,6,0,39,78
"06:47",11,11,0,80,250
"06:48",7,7,0,94,265
"06:49",6,6,0,55,93
"06:50",11,11,0,48,125
"06:51",19,19,0,92,327
"06:52",12,12,0,39,91
"06:53",9,9,0,63,94
"06:54",7,7,0,397,2187
"06:55",3,3,0,73,109
"06:56",8,8,0,67,141
"06:57",12,12,0,92,250
"06:58",10,10,0,67,266
"06:59",9,9,0,73,125
"07:00",15,15,0,509,1812
"07:01",8,8,0,522,1016
"07:02",7,7,0,339,437
"07:03",20,20,0,302,469
"07:04",8,8,0,260,437
"07:05",17,17,0,350,469
"07:06",9,9,0,359,407
"07:07",14,14,0,397,608
"07:08",10,10,0,388,516
"07:09",19,19,0,344,687
"07:10",12,12,0,396,484
"07:11",8,8,0,381,469
"07:12",7,7,0,444,563
"07:13",12,12,0,316,531
"07:14",11,11,0,406,588
"07:15",14,14,0,487,1656
"07:16",12,12,0,389,828
"07:17",9,9,0,406,563
"07:18",14,14,0,338,547
"07:19",10,10,0,394,563
"07:20",11,11,0,402,531
"07:21",13,13,0,356,562
"07:22",6,6,0,401,547
"07:23",6,6,0,266,406
"07:24",2,2,0,391,391
"07:25",7,7,0,406,437
"07:26",25,25,0,351,576
"07:27",13,13,0,403,546
"07:28",11,11,0,280,485
"07:29",14,14,0,320,590
"07:30",13,13,0,337,547
"07:31",13,13,0,504,1044
"07:32",8,8,0,379,531
"07:33",16,16,0,309,485
"07:34",17,17,0,328,485
"07:35",12,12,0,326,703
"07:36",13,13,0,298,531
"07:37",21,21,0,448,1500
"07:38",12,12,0,428,563
"07:39",18,18,0,385,547
"07:40",8,8,0,436,516
"07:41",14,14,0,384,515
"07:42",13,13,0,415,597
"07:43",7,7,0,498,906
"07:44",10,10,0,420,469
"07:45",12,12,0,307,553
"07:46",15,15,0,366,641
"07:47",16,16,0,349,641
"07:48",16,16,0,221,500
"07:49",10,10,0,245,531
"07:50",14,14,0,300,515
"07:51",15,15,0,327,562
"07:52",9,9,0,293,500
"07:53",17,17,0,350,526
"07:54",24,24,0,348,583
"07:55",32,32,0,336,637
"07:56",22,22,0,365,594
"07:57",15,15,0,281,485
"07:58",16,16,0,203,438
"07:59",7,7,0,420,485
"08:00",18,18,0,459,2509
"08:01",12,12,0,355,515
"08:02",10,10,0,406,594
"08:03",24,24,0,378,547
"08:04",20,20,0,275,516
"08:05",17,17,0,358,625
"08:06",22,22,0,288,547
"08:07",15,15,0,401,622
"08:08",9,9,0,340,547
"08:09",10,10,0,420,531
"08:10",15,15,0,424,1625
"08:11",18,18,0,429,589
"08:12",22,22,0,374,657
"08:13",20,20,0,443,615
"08:14",10,10,0,502,2172
"08:15",20,20,0,403,517
"08:16",17,17,0,391,625
"08:17",16,16,0,362,563
"08:18",21,21,0,431,1650
"08:19",17,17,0,386,636
"08:20",21,21,0,388,521
"08:21",16,16,0,382,500
"08:22",17,17,0,372,922
"08:23",19,19,0,317,422
"08:24",19,19,0,449,1390
"08:25",13,13,0,324,516
"08:26",13,13,0,383,487
"08:27",17,17,0,303,500
"08:28",14,14,0,355,438
"08:29",23,23,0,340,578
"08:30",19,19,0,423,547
"08:31",14,14,0,388,609
"08:32",14,14,0,331,547
"08:33",11,11,0,361,532
"08:34",20,20,0,459,1206
"08:35",9,9,0,401,578
"08:36",23,23,0,423,547
"08:37",28,28,0,329,726
"08:38",15,15,0,367,500
"08:39",22,22,0,304,458
"08:40",12,12,0,458,704
"08:41",13,13,0,362,578
"08:42",24,24,0,363,594
"08:43",17,17,0,360,500
"08:44",17,17,0,316,440
"08:45",24,24,0,317,629
"08:46",21,21,0,318,620
"08:47",29,29,0,333,717
"08:48",14,14,0,424,594
"08:49",14,14,0,636,2516
"08:50",19,19,0,349,578
"08:51",18,18,0,379,579
"08:52",24,24,0,304,532
"08:53",23,23,0,381,609
"08:54",23,23,0,329,703
"08:55",20,20,0,384,563
"08:56",19,19,0,359,500
"08:57",21,21,0,309,687
"08:58",20,20,0,539,2000
"08:59",12,12,0,284,469
"09:00",20,20,0,430,750
"09:01",21,21,0,331,563
"09:02",21,21,0,362,640
"09:03",29,29,0,370,589
"09:04",25,25,0,396,1159
"09:05",22,22,0,387,1026
"09:06",17,17,0,428,2521
"09:07",20,20,0,478,2097
"09:08",19,19,0,348,750
"09:09",12,12,0,427,781
"09:10",13,13,0,381,625
"09:11",27,27,0,400,532
"09:12",20,20,0,434,1041
"09:13",24,24,0,431,1559
"09:14",30,30,0,314,579
"09:15",28,28,0,349,578
"09:16",18,18,0,532,1461
"09:17",23,23,0,455,766
"09:18",23,23,0,313,562
"09:19",21,21,0,365,513
"09:20",19,19,0,458,578
"09:21",18,18,0,365,520
"09:22",24,24,0,400,500
"09:23",29,29,0,387,703
"09:24",15,15,0,347,561
"09:25",16,16,0,399,578
"09:26",22,22,0,357,1192
"09:27",21,21,0,43,203
"09:28",25,25,0,71,625
"09:29",20,20,0,82,719
"09:30",23,23,0,64,406
"09:31",27,27,0,112,1125
"09:32",27,27,0,69,328
"09:33",27,27,0,94,625
"09:34",31,31,0,59,281
"09:35",23,23,0,45,171
"09:36",14,14,0,80,266
"09:37",27,27,0,53,203
"09:38",22,22,0,57,219
"09:39",28,28,0,75,313
"09:40",38,38,0,55,281
"09:41",35,35,0,49,173
"09:42",33,33,0,65,641
"09:43",27,27,0,50,157
"09:44",34,34,0,35,141
"09:45",23,23,0,45,141
"09:46",29,29,0,44,156
"09:47",27,27,0,63,234
"09:48",23,23,0,58,235
"09:49",37,37,0,53,140
"09:50",32,32,0,78,1172
"09:51",36,36,0,41,93
"09:52",19,19,0,42,125
"09:53",26,26,0,42,219
"09:54",30,30,0,99,422
"09:55",35,35,0,378,1235
"09:56",25,25,0,450,781
"09:57",29,29,0,304,515
"09:58",32,32,0,302,437
"09:59",21,21,0,298,515
"10:00",28,28,0,282,571
"10:01",28,28,0,239,485
"10:02",32,32,0,296,543
"10:03",18,18,0,316,507
"10:04",39,39,0,244,437
"10:05",30,30,0,336,484
"10:06",36,36,0,293,457
"10:07",24,24,0,358,516
"10:08",32,32,0,384,688
"10:09",27,27,0,408,953
"10:10",33,33,0,336,531
"10:11",28,28,0,305,531
"10:12",33,33,0,326,522
"10:13",29,29,0,344,485
"10:14",30,30,0,347,564
"10:15",24,24,0,342,594
"10:16",32,32,0,340,656
"10:17",23,23,0,236,601
"10:18",33,33,0,361,643
"10:19",32,32,0,410,579
"10:20",38,38,0,370,578
"10:21",25,25,0,275,516
"10:22",41,41,0,316,543
"10:23",39,39,0,292,662
"10:24",42,42,0,307,610
"10:25",33,33,0,329,642
"10:26",26,26,0,378,527
"10:27",25,25,0,403,606
"10:28",36,36,0,319,547
"10:29",18,18,0,342,531
"10:30",24,24,0,404,593
"10:31",36,36,0,343,565
"10:32",36,36,0,324,593
"10:33",37,37,0,413,604
"10:34",35,35,0,255,547
"10:35",35,35,0,302,609
"10:36",27,27,0,300,499
"10:37",31,31,0,388,588
"10:38",27,27,0,273,532
"10:39",27,27,0,350,515
"10:40",32,32,0,249,485
"10:41",24,24,0,383,565
"10:42",31,31,0,384,603
"10:43",21,21,0,350,553
"10:44",19,19,0,327,484
"10:45",33,33,0,430,598
"10:46",34,34,0,347,575
"10:47",39,39,0,393,1683
"10:48",37,37,0,376,2157
"10:49",27,27,0,366,562
"10:50",31,31,0,427,619
"10:51",39,39,0,351,520
"10:52",36,36,0,339,547
"10:53",38,38,0,252,609
"10:54",33,33,0,942,2523
"10:55",36,36,0,331,640
"10:56",45,45,0,424,1167
"10:57",40,40,0,422,718
"10:58",37,37,0,471,2525
"10:59",23,23,0,282,640
"11:00",29,29,0,641,2517
"11:01",42,42,0,728,2517
"11:02",32,32,0,1061,2520
"11:03",34,34,0,1011,2518
"11:04",36,36,0,1048,2520
"11:05",39,39,0,1150,2521
"11:06",35,35,0,517,2516
"11:07",24,24,0,796,2519
"11:08",25,25,0,590,2132
"11:09",25,25,0,518,2500
"11:10",29,29,0,1182,2519
"11:11",39,39,0,736,2525
"11:12",26,26,0,1092,2522
"11:13",21,21,0,370,610
"11:14",42,42,0,381,662
"11:15",34,34,0,474,1482
"11:16",42,42,0,455,1313
"11:17",29,29,0,351,1742
"11:18",34,34,0,399,621
"11:19",33,33,0,371,578
"11:20",35,35,0,485,1060
"11:21",26,26,0,513,2294
"11:22",32,32,0,404,1911
"11:23",40,40,0,298,1021
"11:24",27,27,0,371,466
"11:25",30,30,0,308,516
"11:26",19,19,0,1354,2524
"11:27",29,29,0,782,2518
"11:28",30,30,0,478,1454
"11:29",30,30,0,422,937
"11:30",37,37,0,351,625
"11:31",28,28,0,413,609
"11:32",28,28,0,370,562
"11:33",29,29,0,348,594
"11:34",25,25,0,442,1172
"11:35",38,38,0,405,872
"11:36",25,25,0,317,485
"11:37",22,22,0,273,428
"11:38",34,34,0,331,530
"11:39",37,37,0,334,656
"11:40",31,31,0,310,547
"11:41",37,37,0,340,1517
"11:42",33,33,0,403,643
"11:43",45,45,0,333,593
"11:44",39,39,0,347,584
"11:45",34,34,0,254,547
"11:46",20,20,0,406,656
"11:47",26,26,0,340,547
"11:48",27,27,0,378,547
"11:49",30,30,0,389,656
"11:50",20,20,0,251,484
"11:51",36,36,0,446,2422
"11:52",24,24,0,426,547
"11:53",37,37,0,326,1328
"11:54",32,32,0,398,594
"11:55",27,27,0,352,603
"11:56",31,31,0,286,500
"11:57",29,29,0,384,531
"11:58",31,31,0,299,578
"11:59",25,25,0,417,1635
"12:00",28,28,0,374,578
"12:01",38,38,0,332,578
"12:02",34,34,0,406,610
"12:03",37,37,0,277,547
"12:04",45,45,0,296,570
"12:05",21,21,0,417,655
"12:06",24,24,0,397,562
"12:07",31,31,0,341,478
"12:08",31,31,0,352,500
"12:09",28,28,0,361,578
"12:10",27,27,0,356,578
"12:11",28,28,0,309,680
"12:12",37,37,0,301,516
"12:13",27,27,0,355,484
"12:14",25,25,0,390,562
"12:15",31,31,0,381,585
"12:16",35,35,0,348,609
"12:17",31,31,0,414,672
"12:18",38,38,0,365,542
"12:19",40,40,0,339,574
"12:20",38,38,0,367,635
"12:21",39,39,0,379,546
"12:22",32,32,0,369,672
"12:23",31,31,0,356,547
"12:24",39,39,0,305,547
"12:25",39,39,0,359,922
"12:26",29,29,0,210,578
"12:27",35,35,0,55,234
"12:28",32,32,0,59,422
"12:29",29,29,0,50,188
"12:30",31,31,0,52,250
"12:31",34,34,0,71,437
"12:32",31,31,0,65,685
"12:33",21,21,0,52,219
"12:34",21,21,0,85,643
"12:35",30,30,0,39,235
"12:36",39,39,0,52,314
"12:37",36,36,0,57,234
"12:38",17,17,0,53,172
"12:39",42,42,0,41,156
"12:40",30,30,0,45,204
"12:41",38,38,0,51,215
"12:42",44,44,0,55,203
"12:43",43,43,0,46,203
"12:44",24,24,0,63,313
"12:45",29,29,0,49,156
"12:46",35,35,0,70,719
"12:47",44,44,0,104,2156
"12:48",37,37,0,58,296
"12:49",22,22,0,44,109
"12:50",30,30,0,53,297
"12:51",35,35,0,67,340
"12:52",31,31,0,63,344
"12:53",37,37,0,54,408
"12:54",36,36,0,60,219
"12:55",26,26,0,77,547
"12:56",23,23,0,204,469
"12:57",25,25,0,374,1312
"12:58",39,39,0,393,766
"12:59",22,22,0,300,482
"13:00",29,29,0,342,516
"13:01",25,25,0,376,500
"13:02",20,20,0,376,469
"13:03",24,24,0,457,2109
"13:04",26,26,0,328,469
"13:05",39,39,0,320,519
"13:06",34,34,0,268,500
"13:07",25,25,0,261,468
"13:08",42,42,0,310,500
"13:09",35,35,0,347,547
"13:10",35,35,0,406,624
"13:11",35,35,0,427,672
"13:12",24,24,0,321,562
"13:13",27,27,0,334,594
"13:14",41,41,0,410,534
"13:15",34,34,0,381,578
"13:16",36,36,0,424,589
"13:17",28,28,0,330,548
"13:18",29,29,0,392,515
"13:19",37,37,0,332,568
"13:20",30,30,0,434,1997
"13:21",30,30,0,364,592
"13:22",37,37,0,444,2503
"13:23",30,30,0,442,750
"13:24",19,19,0,407,610
"13:25",31,31,0,414,568
"13:26",42,42,0,386,578
"13:27",34,34,0,342,586
"13:28",38,38,0,343,579
"13:29",34,34,0,317,562
"13:30",33,33,0,429,640
"13:31",40,40,0,368,633
"13:32",30,30,0,329,563
"13:33",28,28,0,385,672
"13:34",36,36,0,447,2297
"13:35",42,42,0,369,594
"13:36",36,36,0,336,516
"13:37",41,41,0,330,533
"13:38",27,27,0,339,537
"13:39",26,26,0,264,547
"13:40",27,27,0,375,484
"13:41",29,29,0,336,579
"13:42",30,30,0,358,485
"13:43",27,27,0,377,547
"13:44",31,31,0,391,579
"13:45",34,34,0,407,656
"13:46",35,35,0,386,578
"13:47",31,31,0,384,562
"13:48",28,28,0,362,536
"13:49",44,44,0,372,578
"13:50",38,38,0,388,610
"13:51",38,38,0,330,578
"13:52",44,44,0,289,590
"13:53",29,29,0,393,560
"13:54",30,30,0,370,578
"13:55",19,19,0,366,562
"13:56",40,40,0,422,801
"13:57",32,32,0,422,672
"13:58",21,21,0,313,578
"13:59",36,36,0,396,613
"14:00",34,34,0,464,799
"14:01",29,29,0,424,672
"14:02",28,28,0,456,622
"14:03",33,33,0,382,609
"14:04",41,41,0,346,626
"14:05",29,29,0,459,640
"14:06",30,30,0,464,2402
"14:07",30,30,0,401,577
"14:08",31,31,0,393,610
"14:09",37,37,0,380,609
"14:10",40,40,0,339,609
"14:11",32,32,0,393,578
"14:12",32,32,0,378,634
"14:13",30,30,0,364,547
"14:14",28,28,0,308,516
"14:15",37,37,0,379,563
"14:16",42,42,0,345,515
"14:17",39,39,0,378,625
"14:18",31,31,0,335,500
"14:19",45,45,0,325,562
"14:20",40,40,0,363,1568
"14:21",23,23,0,347,556
"14:22",37,37,0,326,532
"14:23",35,35,0,357,607
"14:24",28,28,0,394,563
"14:25",24,24,0,310,610
"14:26",29,29,0,300,546
"14:27",22,22,0,342,555
"14:28",35,35,0,311,560
"14:29",32,32,0,346,579
"14:30",25,25,0,396,625
"14:31",31,31,0,445,609
"14:32",27,27,0,474,1484
"14:33",32,32,0,349,594
"14:34",29,29,0,374,579
"14:35",32,32,0,361,586
"14:36",40,40,0,345,532
"14:37",20,20,0,385,547
"14:38",31,31,0,388,563
"14:39",30,30,0,416,593
"14:40",33,33,0,399,609
"14:41",36,36,0,342,564
"14:42",39,39,0,377,567
"14:43",29,29,0,334,703
"14:44",25,25,0,329,796
"14:45",29,29,0,387,571
"14:46",43,43,0,360,609
"14:47",42,42,0,424,1696
"14:48",32,32,0,320,547
"14:49",38,38,0,304,615
"14:50",36,36,0,369,616
"14:51",30,30,0,380,647
"14:52",29,29,0,412,592
"14:53",21,21,0,360,593
"14:54",29,29,0,381,547
"14:55",32,32,0,399,625
"14:56",38,38,0,346,844
"14:57",24,24,0,352,500
"14:58",26,26,0,342,543
"14:59",39,39,0,338,578
"15:00",35,35,0,348,610
"15:01",26,26,0,334,547
"15:02",14,14,0,374,553
"15:03",14,14,0,502,1737
"15:04",20,20,0,440,563
"15:05",19,19,0,481,1745
"15:06",7,7,0,431,531
"15:07",19,19,0,390,578
"15:08",21,21,0,403,563
"15:09",21,21,0,464,1642
"15:10",19,19,0,423,683
"15:11",25,25,0,400,719
"15:12",29,29,0,397,707
"15:13",39,39,0,377,547
"15:14",29,29,0,322,563
"15:15",35,35,0,379,594
"15:16",36,36,0,373,609
"15:17",35,35,0,350,578
"15:18",41,41,0,327,1141
"15:19",35,35,0,317,594
"15:20",26,26,0,395,813
"15:21",41,41,0,349,563
"15:22",22,22,0,398,820
"15:23",29,29,0,503,1064
"15:24",37,37,0,448,1126
"15:25",38,38,0,502,797
"15:26",25,25,0,460,1456
"15:27",45,45,0,64,610
"15:28",34,34,0,53,250
"15:29",27,27,0,78,318
"15:30",28,28,0,143,1375
"15:31",35,35,0,62,235
"15:32",41,41,0,65,295
"15:33",35,35,0,61,438
"15:34",38,38,0,60,219
"15:35",25,25,0,71,469
"15:36",49,49,0,58,203
"15:37",48,48,0,53,250
"15:38",33,33,0,61,316
"15:39",31,31,0,87,344
"15:40",34,34,0,80,610
"15:41",47,47,0,63,437
"15:42",42,42,0,66,422
"15:43",31,31,0,80,359
"15:44",38,38,0,58,359
"15:45",31,31,0,70,344
"15:46",30,30,0,75,610
"15:47",38,38,0,45,203
"15:48",20,20,0,238,1875
"15:49",32,32,0,78,266
"15:50",29,29,0,93,1078
"15:51",36,36,0,60,468
"15:52",31,31,0,78,531
"15:53",40,40,0,69,391
"15:54",44,44,0,66,640
"15:55",41,41,0,62,281
"15:56",25,25,0,88,882
"15:57",34,34,0,55,234
"15:58",38,38,0,40,188
"15:59",30,30,0,54,390
"16:00",44,44,0,92,682
"16:01",31,31,0,62,282
"16:02",31,31,0,68,344
"16:03",27,27,0,47,188
"16:04",33,33,0,60,281
"16:05",24,24,0,174,1672
"16:06",39,39,0,74,468
"16:07",35,35,0,79,781
"16:08",36,36,0,47,220
"16:09",31,31,0,44,172
"16:10",32,32,0,54,344
"16:11",31,31,0,65,323
"16:12",32,32,0,59,313
"16:13",31,31,0,54,219
"16:14",37,37,0,92,1093
"16:15",45,45,0,46,218
"16:16",30,30,0,84,375
"16:17",24,24,0,57,281
"16:18",31,31,0,76,281
"16:19",26,26,0,61,250
"16:20",31,31,0,72,453
"16:21",29,29,0,64,203
"16:22",36,36,0,77,469
"16:23",35,35,0,56,226
"16:24",30,30,0,57,375
"16:25",34,34,0,167,750
"16:26",31,31,0,269,469
"16:27",28,28,0,482,734
"16:28",28,28,0,299,828
"16:29",34,34,0,327,469
"16:30",27,27,0,332,531
"16:31",30,30,0,376,515
"16:32",27,27,0,282,547
"16:33",40,40,0,311,531
"16:34",40,40,0,322,477
"16:35",45,45,0,333,636
"16:36",22,22,0,275,543
"16:37",33,33,0,356,563
"16:38",31,31,0,325,1344
"16:39",35,35,0,319,500
"16:40",34,34,0,309,797
"16:41",19,19,0,400,547
"16:42",33,33,0,439,703
"16:43",27,27,0,404,1453
"16:44",43,43,0,340,526
"16:45",36,36,0,369,532
"16:46",37,37,0,397,1141
"16:47",37,37,0,419,594
"16:48",34,34,0,324,578
"16:49",29,29,0,392,578
"16:50",40,40,0,419,712
"16:51",35,35,0,445,630
"16:52",33,33,0,428,641
"16:53",30,30,0,400,610
"16:54",21,21,0,338,484
"16:55",32,32,0,344,546
"16:56",37,37,0,374,578
"16:57",40,40,0,381,588
"16:58",37,37,0,276,532
"16:59",44,44,0,315,516
"17:00",42,42,0,376,803
"17:01",35,35,0,406,895
"17:02",31,31,0,457,640
"17:03",38,38,0,385,715
"17:04",38,38,0,414,563
"17:05",40,40,0,372,578
"17:06",30,30,0,359,578
"17:07",34,34,0,478,2512
"17:08",35,35,0,410,587
"17:09",28,28,0,421,2141
"17:10",27,27,0,410,641
"17:11",42,42,0,423,735
"17:12",37,37,0,411,787
"17:13",45,45,0,396,605
"17:14",40,40,0,382,563
"17:15",35,35,0,414,637
"17:16",45,45,0,398,609
"17:17",40,40,0,413,610
"17:18",35,35,0,309,562
"17:19",47,47,0,394,647
"17:20",47,47,0,469,1891
"17:21",31,31,0,352,594
"17:22",45,45,0,400,1234
"17:23",34,34,0,368,559
"17:24",35,35,0,382,578
"17:25",37,37,0,390,624
"17:26",30,30,0,424,562
"17:27",48,48,0,378,563
"17:28",49,49,0,400,794
"17:29",39,39,0,408,625
"17:30",38,38,0,422,782
"17:31",35,35,0,354,609
"17:32",35,35,0,415,1141
"17:33",27,27,0,444,1875
"17:34",43,43,0,441,642
"17:35",48,48,0,382,1472
"17:36",28,28,0,372,1266
"17:37",36,36,0,403,579
"17:38",37,37,0,354,512
"17:39",44,44,0,370,721
"17:40",57,57,0,359,610
"17:41",45,45,0,420,593
"17:42",29,29,0,378,675
"17:43",38,38,0,380,682
"17:44",46,46,0,413,910
"17:45",39,39,0,436,1564
"17:46",39,39,0,433,641
"17:47",47,47,0,420,661
"17:48",42,42,0,399,578
"17:49",46,46,0,378,579
"17:50",65,65,0,407,692
"17:51",49,49,0,395,1394
"17:52",42,42,0,431,578
"17:53",41,41,0,406,797
"17:54",33,33,0,354,578
"17:55",37,37,0,383,578
"17:56",36,36,0,356,599
"17:57",47,47,0,404,593
"17:58",39,39,0,370,589
"17:59",39,39,0,356,715
"18:00",47,47,0,377,614
"18:01",27,27,0,413,556
"18:02",46,46,0,443,612
"18:03",41,41,0,351,667
"18:04",40,40,0,354,563
"18:05",31,31,0,408,583
"18:06",38,38,0,421,2172
"18:07",39,39,0,364,609
"18:08",37,37,0,381,809
"18:09",37,37,0,385,547
"18:10",37,37,0,379,562
"18:11",40,40,0,433,660
"18:12",39,39,0,353,587
"18:13",33,33,0,391,677
"18:14",37,37,0,351,562
"18:15",26,26,0,382,614
"18:16",43,43,0,450,733
"18:17",40,40,0,438,758
"18:18",34,34,0,406,583
"18:19",20,20,0,417,563
"18:29",14,14,0,245,2516
"18:30",47,47,0,95,515
"18:31",51,51,0,60,640
"18:32",41,41,0,56,281
"18:33",41,41,0,104,1656
"18:34",34,34,0,143,1276
"18:35",42,42,0,62,328
"18:36",57,57,0,49,219
"18:37",35,35,0,38,157
"18:38",41,41,0,44,218
"18:39",42,42,0,49,203
"18:40",38,38,0,68,484
"18:41",46,46,0,57,204
"18:42",36,36,0,91,875
"18:43",36,36,0,84,735
"18:44",36,36,0,77,500
"18:45",31,31,0,69,250
"18:46",47,47,0,110,594
"18:47",39,39,0,58,203
"18:48",33,33,0,52,125
"18:49",41,41,0,67,438
"18:50",41,41,0,57,282
"18:51",34,34,0,69,297
"18:55",50,50,0,316,2523
"18:56",12,12,0,78,234
"18:58",3,3,0,42,62
"18:59",61,61,0,221,2520
"19:00",46,46,0,89,641
"19:01",45,45,0,57,266
"19:02",59,59,0,46,203
"19:03",53,53,0,57,250
"19:04",52,52,0,50,375
"19:05",43,43,0,48,250
"19:06",46,46,0,52,299
"19:07",40,40,0,110,1156
"19:08",47,47,0,333,1484
"19:09",38,38,0,459,949
"19:10",43,43,0,378,906
"19:11",42,42,0,377,937
"19:12",47,47,0,306,569
"19:13",42,42,0,385,732
"19:14",60,60,0,331,607
"19:15",55,55,0,392,1520
"19:16",45,45,0,353,609
"19:17",46,46,0,322,533
"19:18",30,30,0,353,469
"19:19",33,33,0,333,470
"19:20",43,43,0,393,1087
"19:21",55,55,0,344,745
"19:22",34,34,0,432,625
"19:23",44,44,0,468,703
"19:24",51,51,0,364,883
"19:25",54,54,0,373,742
"19:26",51,51,0,425,1271
"19:27",47,47,0,389,593
"19:28",58,58,0,355,625
"19:29",58,58,0,424,807
"19:30",59,59,0,373,1108
"19:31",58,58,0,366,581
"19:32",47,47,0,454,665
"19:33",64,64,0,394,641
"19:34",43,43,0,327,640
"19:35",51,51,0,453,1132
"19:36",48,48,0,414,2068
"19:37",56,56,0,370,1078
"19:38",42,42,0,363,672
"19:39",59,59,0,365,565
"19:40",48,48,0,346,770
"19:41",42,42,0,380,562
"19:42",43,43,0,350,538
"19:43",58,58,0,399,646
"19:44",55,55,0,373,609
"19:45",55,55,0,401,747
"19:46",46,46,0,346,578
"19:47",46,46,0,415,609
"19:48",46,46,0,390,591
"19:49",53,53,0,431,790
"19:50",40,40,0,429,1454
"19:51",40,40,0,404,578
"19:52",39,39,0,399,569
"19:53",34,34,0,422,781
"19:54",60,60,0,357,565
"19:55",51,51,0,375,602
"19:56",56,56,0,423,709
"19:57",43,43,0,396,728
